Time ,Time (s),Force (N),Load Cell,Pre Time (s),Time (s),Force (N),Instron,,,
48:36,0.00,0.2,,9.348,2,4.9948,,,,
48:37,1.00,3.5,,9.968,2.62,9.9963,,,,
48:37,1.00,3.9,,10.224,2.876,15.0007,,,,
48:38,2.00,4.2,,10.476,3.128,20.0136,,,48:36,2916
48:38,2.00,5,,10.73,3.382,25.0481,,,48:37,
48:39,3.00,5.1,,10.932,3.584,30.0879,,,48:37,
48:39,3.00,5.1,,11.122,3.774,35.1209,,,48:38,
48:40,4.00,5.5,,11.32,3.972,40.1484,,,48:38,
48:40,4.00,5.5,,11.552,4.204,45.1633,,,48:39,
48:41,5.00,5.6,,11.78,4.432,50.2241,,,48:39,
48:41,5.00,7.4,,11.972,4.624,55.3146,,,48:40,
48:42,6.00,14.8,,12.158,4.81,60.326,,,48:40,
48:42,6.00,26.3,,12.334,4.986,65.3584,,,,
48:43,7.00,37,,12.536,5.188,70.3798,,,,
48:43,7.00,50.3,,12.698,5.35,75.4496,,,,
48:44,8.00,62.3,,12.898,5.55,80.52,,,,
48:44,8.00,77.3,,13.054,5.706,85.5471,,,,
48:45,9.00,89.7,,13.244,5.896,90.5942,,,,
48:45,9.00,105.4,,13.424,6.076,95.6151,,,,
48:46,10.00,118.6,,13.598,6.25,100.6963,,,,
48:46,10.00,134.4,,13.778,6.43,105.71,,,,
48:47,11.00,147.9,,13.946,6.598,110.7359,,,,
48:47,11.00,163.9,,14.13,6.782,115.7587,,,,
48:48,12.00,177.7,,14.316,6.968,120.8359,,,,
48:48,12.00,194.2,,14.468,7.12,125.8627,,,,
48:49,13.00,208.2,,14.656,7.308,130.8633,,,,
48:49,13.00,225.3,,14.806,7.458,135.8878,,,,
48:50,14.00,239.3,,15.008,7.66,140.9569,,,,
48:50,14.00,256.8,,15.166,7.818,145.9939,,,,
48:51,15.00,271.5,,15.336,7.988,151.0353,,,,
48:51,15.00,288.8,,15.504,8.156,156.0851,,,,
48:52,16.00,306.5,,15.686,8.338,161.1081,,,,
48:52,16.00,321.1,,15.84,8.492,166.1183,,,,
48:53,17.00,339,,16.014,8.666,171.1588,,,,
48:53,17.00,353.9,,16.14,8.792,176.2322,,,,
48:54,18.00,371.9,,16.306,8.958,181.2395,,,,
48:54,18.00,387.1,,16.49,9.142,186.2921,,,,
48:55,19.00,405.1,,16.646,9.298,191.3811,,,,
48:55,19.00,420.2,,16.832,9.484,196.4906,,,,
48:56,20.00,438.4,,16.988,9.64,201.5518,,,,
48:56,20.00,453.4,,17.174,9.826,206.5869,,,,
48:57,21.00,435.4,,17.336,9.988,211.6589,,,,
48:57,21.00,419.2,,17.502,10.154,216.6938,,,,
48:58,22.00,399.6,,17.656,10.308,221.7017,,,,
48:58,22.00,383.4,,17.814,10.466,226.7108,,,,
48:59,23.00,363.9,,17.952,10.604,231.7227,,,,
48:59,23.00,347.8,,18.108,10.76,236.7421,,,,
49:00,24.00,328.6,,18.274,10.926,241.787,,,,
49:00,24.00,312.5,,18.428,11.08,246.8351,,,,
49:01,25.00,293.5,,18.614,11.266,251.8402,,,,
49:01,25.00,277.4,,18.762,11.414,256.8995,,,,
49:02,26.00,258.4,,18.944,11.596,261.9208,,,,
49:02,26.00,242.7,,19.076,11.728,266.9585,,,,
49:03,27.00,223.7,,19.228,11.88,271.9603,,,,
49:03,27.00,207.9,,19.384,12.036,276.9708,,,,
49:04,28.00,189.1,,19.516,12.168,282.0005,,,,
49:04,28.00,173.7,,19.702,12.354,287.1189,,,,
49:05,29.00,155.3,,19.844,12.496,292.1447,,,,
49:05,29.00,140,,20.028,12.68,297.158,,,,
49:06,30.00,122.1,,20.186,12.838,302.22,,,,
49:06,30.00,107.1,,20.336,12.988,307.2387,,,,
49:07,31.00,89.9,,20.484,13.136,312.2792,,,,
49:07,31.00,76.2,,20.604,13.256,317.3028,,,,
49:08,32.00,60.2,,20.778,13.43,322.3266,,,,
49:08,32.00,47.5,,20.934,13.586,327.393,,,,
49:09,33.00,32.4,,21.1,13.752,332.4488,,,,
49:09,33.00,19.9,,21.256,13.908,337.4488,,,,
49:10,34.00,5.3,,21.422,14.074,342.4732,,,,
49:10,34.00,13.5,,21.566,14.218,347.4963,,,,
49:11,35.00,30.9,,21.716,14.368,352.5117,,,,
49:11,35.00,45,,21.848,14.5,357.6082,,,,
49:12,36.00,62.2,,22.012,14.664,362.6298,,,,
49:12,36.00,76.5,,22.178,14.83,367.6761,,,,
49:13,37.00,93.7,,22.33,14.982,372.7403,,,,
49:13,37.00,108.1,,22.492,15.144,377.7866,,,,
49:14,38.00,125.2,,22.6,15.252,382.808,,,,
49:14,38.00,142.8,,22.762,15.414,387.8503,,,,
49:15,39.00,157.1,,22.918,15.57,392.8819,,,,
49:15,39.00,174.9,,23.074,15.726,397.998,,,,
49:16,40.00,189.9,,23.244,15.896,403.1308,,,,
49:16,40.00,207.7,,23.404,16.056,408.1708,,,,
49:17,41.00,222.9,,23.554,16.206,413.217,,,,
49:17,41.00,241,,23.714,16.366,418.2541,,,,
49:18,42.00,256.5,,23.816,16.468,423.2929,,,,
49:18,42.00,275,,23.982,16.634,428.3088,,,,
49:19,43.00,290.3,,24.14,16.792,433.3944,,,,
49:19,43.00,309.1,,24.298,16.95,438.4443,,,,
49:20,44.00,324.4,,24.466,17.118,443.5435,,,,
49:20,44.00,343.2,,24.594,17.246,448.5826,,,,
49:21,45.00,358.9,,24.64,17.292,450.047,,,,
49:21,45.00,377.5,,24.642,17.294,450.0942,,,,
49:22,46.00,393.2,,24.728,17.38,453.4295,,,,
49:22,46.00,411.7,,24.956,17.608,448.3072,,,,
49:23,47.00,427.4,,25.068,17.72,443.2874,,,,
49:23,47.00,446.3,,25.214,17.866,438.2442,,,,
49:24,48.00,446.6,,25.342,17.994,433.2307,,,,
49:24,48.00,425.7,,25.462,18.114,428.1632,,,,
49:25,49.00,409.5,,25.61,18.262,423.0455,,,,
49:25,49.00,390.1,,25.758,18.41,418.0404,,,,
49:26,50.00,373.9,,25.908,18.56,412.9969,,,,
49:26,50.00,354.7,,26.036,18.688,407.9892,,,,
49:27,51.00,338.3,,26.164,18.816,402.9677,,,,
49:27,51.00,319.1,,26.312,18.964,397.8904,,,,
49:28,52.00,303.3,,26.472,19.124,392.8377,,,,
49:28,52.00,284,,26.608,19.26,387.8206,,,,
49:29,53.00,268.1,,26.768,19.42,382.782,,,,
49:29,53.00,248.9,,26.874,19.526,377.6976,,,,
49:30,54.00,233.1,,27.026,19.678,372.6225,,,,
49:30,54.00,214.3,,27.182,19.834,367.575,,,,
49:31,55.00,198.6,,27.308,19.96,362.5672,,,,
49:31,55.00,180.1,,27.468,20.12,357.5516,,,,
49:32,56.00,164.4,,27.58,20.232,352.4444,,,,
49:32,56.00,146,,27.738,20.39,347.3573,,,,
49:33,57.00,131.1,,27.896,20.548,342.3288,,,,
49:33,57.00,112.9,,28.04,20.692,337.3051,,,,
49:34,58.00,98.4,,28.174,20.826,332.3027,,,,
49:34,58.00,81.4,,28.298,20.95,327.2026,,,,
49:35,59.00,68,,28.452,21.104,322.1527,,,,
49:35,59.00,52.6,,28.616,21.268,317.1257,,,,
49:36,60.00,37.4,,28.742,21.394,312.1028,,,,
49:36,60.00,24.9,,28.88,21.532,307.0851,,,,
49:37,61.00,9.7,,29.01,21.662,301.9664,,,,
49:37,61.00,8.9,,29.164,21.816,296.9355,,,,
49:38,62.00,27.1,,29.338,21.99,291.814,,,,
49:38,62.00,41.2,,29.454,22.106,286.7847,,,,
49:39,63.00,58.2,,29.61,22.262,281.7826,,,,
49:39,63.00,72.5,,29.728,22.38,276.7782,,,,
49:40,64.00,89.5,,29.886,22.538,271.6905,,,,
49:40,64.00,103.8,,30.05,22.702,266.6332,,,,
49:41,65.00,121,,30.17,22.822,261.5925,,,,
49:41,65.00,135.8,,30.326,22.978,256.552,,,,
49:42,66.00,153.4,,30.446,23.098,251.5145,,,,
49:42,66.00,168.1,,30.61,23.262,246.4707,,,,
49:43,67.00,186.1,,30.768,23.42,241.3631,,,,
49:43,67.00,201,,30.912,23.564,236.3032,,,,
49:44,68.00,219.2,,31.064,23.716,231.2884,,,,
49:44,68.00,234.6,,31.19,23.842,226.2679,,,,
49:45,69.00,253,,31.326,23.978,221.2395,,,,
49:45,69.00,268.4,,31.488,24.14,216.1989,,,,
49:46,70.00,286.8,,31.634,24.286,211.1708,,,,
49:46,70.00,302.6,,31.786,24.438,206.139,,,,
49:47,71.00,321.3,,31.922,24.574,201.123,,,,
49:47,71.00,336.7,,32.05,24.702,196.0885,,,,
49:48,72.00,355.7,,32.216,24.868,191.0526,,,,
49:48,72.00,371.3,,32.366,25.018,186.0024,,,,
49:49,73.00,390.2,,32.528,25.18,180.9661,,,,
49:49,73.00,406,,32.678,25.33,175.9179,,,,
49:50,74.00,424.7,,32.782,25.434,170.8797,,,,
49:50,74.00,440.5,,32.942,25.594,165.7769,,,,
49:51,75.00,449.8,,33.1,25.752,160.741,,,,
49:51,75.00,431.6,,33.264,25.916,155.7266,,,,
49:52,76.00,411.9,,33.418,26.07,150.7191,,,,
49:52,76.00,395.8,,33.562,26.214,145.7156,,,,
49:53,77.00,376.5,,33.68,26.332,140.67,,,,
49:53,77.00,360.1,,33.86,26.512,135.6568,,,,
49:54,78.00,341.1,,34.002,26.654,130.5592,,,,
49:54,78.00,324.8,,34.166,26.818,125.5588,,,,
49:55,79.00,305.5,,34.314,26.966,120.5127,,,,
49:55,79.00,289.8,,34.456,27.108,115.4993,,,,
49:56,80.00,270.5,,34.646,27.298,110.4757,,,,
49:56,80.00,254.6,,34.746,27.398,105.4706,,,,
49:57,81.00,235.4,,34.934,27.586,100.4319,,,,
49:57,81.00,216.7,,35.074,27.726,95.4314,,,,
49:58,82.00,201,,35.25,27.902,90.4187,,,,
49:58,82.00,182.1,,35.426,28.078,85.3749,,,,
49:59,83.00,166.8,,35.58,28.232,80.3054,,,,
49:59,83.00,148.3,,35.76,28.412,75.2789,,,,
50:00,84.00,133,,35.912,28.564,70.2523,,,,
50:00,84.00,114.9,,36.108,28.76,65.2277,,,,
50:01,85.00,100.4,,36.278,28.93,60.2238,,,,
50:01,85.00,83.5,,36.448,29.1,55.207,,,,
50:02,86.00,69.7,,36.628,29.28,50.1876,,,,
50:02,86.00,54.4,,36.822,29.474,45.1758,,,,
50:03,87.00,41.8,,37.002,29.654,40.1311,,,,
50:03,87.00,26.6,,37.19,29.842,35.097,,,,
50:04,88.00,14,,37.35,30.002,30.0657,,,,
50:04,88.00,7.7,,37.538,30.19,25.0332,,,,
50:05,89.00,23.3,,37.72,30.372,20.0263,,,,
50:05,89.00,40.4,,37.902,30.554,15.0042,,,,
50:06,90.00,54.5,,38.088,30.74,9.9284,,,,
50:06,90.00,71.5,,38.264,30.916,4.9405,,,,
50:07,91.00,85.5,,38.266,30.918,4.858,,,,
50:07,91.00,102.9,,38.338,30.99,3.2111,,,,
50:08,92.00,117.4,,38.576,31.228,8.2469,,,,
50:08,92.00,134.9,,38.72,31.372,13.2975,,,,
50:09,93.00,149.7,,38.864,31.516,18.3261,,,,
50:09,93.00,167.4,,39.04,31.692,23.4257,,,,
50:10,94.00,182.3,,39.196,31.848,28.4725,,,,
50:10,94.00,200.3,,39.372,32.024,33.5197,,,,
50:11,95.00,215.6,,39.54,32.192,38.5528,,,,
50:11,95.00,234,,39.682,32.334,43.5889,,,,
50:12,96.00,249.2,,39.84,32.492,48.6272,,,,
50:12,96.00,268,,39.98,32.632,53.6377,,,,
50:13,97.00,283.4,,40.15,32.802,58.647,,,,
50:13,97.00,302.1,,40.308,32.96,63.7326,,,,
50:14,98.00,317.9,,40.474,33.126,68.7472,,,,
50:14,98.00,336.4,,40.636,33.288,73.7651,,,,
50:15,99.00,352.2,,40.81,33.462,78.7931,,,,
50:15,99.00,370.9,,40.974,33.626,83.8705,,,,
50:16,100.00,386.9,,41.134,33.786,88.9312,,,,
50:16,100.00,405.9,,41.286,33.938,93.9386,,,,
50:17,101.00,421.3,,41.426,34.078,98.9505,,,,
50:17,101.00,440.5,,41.61,34.262,103.9675,,,,
50:18,102.00,450.5,,41.734,34.386,108.9772,,,,
50:18,102.00,429,,41.912,34.564,114.0735,,,,
50:19,103.00,409.3,,42.066,34.718,119.1093,,,,
50:19,103.00,393.1,,42.238,34.89,124.1857,,,,
50:20,104.00,373.6,,42.412,35.064,129.2647,,,,
50:20,104.00,357.5,,42.552,35.204,134.3245,,,,
50:21,105.00,338.3,,42.728,35.38,139.3763,,,,
50:21,105.00,322.1,,42.882,35.534,144.3824,,,,
50:22,106.00,303,,43.016,35.668,149.4267,,,,
50:22,106.00,286.9,,43.174,35.826,154.457,,,,
50:23,107.00,267.7,,43.33,35.982,159.5388,,,,
50:23,107.00,252,,43.494,36.146,164.5916,,,,
50:24,108.00,232.8,,43.664,36.316,169.6224,,,,
50:24,108.00,217,,43.816,36.468,174.6366,,,,
50:25,109.00,198.1,,43.968,36.62,179.6472,,,,
50:25,109.00,182.5,,44.094,36.746,184.6908,,,,
50:26,110.00,164.1,,44.248,36.9,189.7277,,,,
50:26,110.00,148.5,,44.424,37.076,194.7341,,,,
50:27,111.00,130.4,,44.568,37.22,199.8271,,,,
50:27,111.00,115.3,,44.746,37.398,204.9144,,,,
50:28,112.00,97.7,,44.876,37.528,209.9363,,,,
50:28,112.00,83.7,,45.042,37.694,214.9572,,,,
50:29,113.00,67.4,,45.182,37.834,219.9885,,,,
50:29,113.00,54.5,,45.306,37.958,225.0632,,,,
50:30,114.00,39.4,,45.484,38.136,230.1086,,,,
50:30,114.00,26.8,,45.63,38.282,235.1835,,,,
50:31,115.00,11.6,,45.806,38.458,240.2495,,,,
50:31,115.00,5.7,,45.952,38.604,245.3331,,,,
50:32,116.00,24.4,,46.074,38.726,250.3468,,,,
50:32,116.00,38.5,,46.216,38.868,255.377,,,,
50:33,117.00,55.3,,46.37,39.022,260.394,,,,
50:33,117.00,69.5,,46.538,39.19,265.4705,,,,
50:34,118.00,86.3,,46.688,39.34,270.5272,,,,
50:34,118.00,100.7,,46.834,39.486,275.5765,,,,
50:35,119.00,118,,46.952,39.604,280.6129,,,,
50:35,119.00,132.8,,47.13,39.782,285.6224,,,,
50:36,120.00,150.6,,47.268,39.92,290.6754,,,,
50:36,120.00,165.3,,47.426,40.078,295.7506,,,,
50:37,121.00,183.4,,47.58,40.232,300.7757,,,,
50:37,121.00,198.4,,47.73,40.382,305.8033,,,,
50:38,122.00,216.6,,47.878,40.53,310.8045,,,,
50:38,122.00,232.1,,47.992,40.644,315.9062,,,,
50:39,123.00,250.5,,48.15,40.802,320.9782,,,,
50:39,123.00,265.9,,48.312,40.964,326.0068,,,,
50:40,124.00,284.4,,48.47,41.122,331.11,,,,
50:40,124.00,300.2,,48.622,41.274,336.1245,,,,
50:41,125.00,319.1,,48.732,41.384,341.1575,,,,
50:41,125.00,337.7,,48.88,41.532,346.1959,,,,
50:42,126.00,353.5,,49.054,41.706,351.2571,,,,
50:42,126.00,372.2,,49.196,41.848,356.2684,,,,
50:43,127.00,388.2,,49.358,42.01,361.2951,,,,
50:43,127.00,407,,49.462,42.114,366.3072,,,,
50:44,128.00,422.8,,49.604,42.256,371.3763,,,,
50:44,128.00,442.1,,49.778,42.43,376.4251,,,,
50:45,129.00,451.7,,49.918,42.57,381.429,,,,
50:45,129.00,429.8,,50.092,42.744,386.4677,,,,
50:46,130.00,413.7,,50.206,42.858,391.4702,,,,
50:46,130.00,394.1,,50.372,43.024,396.4836,,,,
50:47,131.00,378.1,,50.5,43.152,401.524,,,,
50:47,131.00,358.5,,50.642,43.294,406.5253,,,,
50:48,132.00,342.4,,50.814,43.466,411.5854,,,,
50:48,132.00,323.1,,50.938,43.59,416.6008,,,,
50:49,133.00,307.1,,51.102,43.754,421.6304,,,,
50:49,133.00,288.1,,51.226,43.878,426.6948,,,,
50:50,134.00,271.9,,51.372,44.024,431.6989,,,,
50:50,134.00,252.9,,51.538,44.19,436.7709,,,,
50:51,135.00,237.1,,51.696,44.348,441.8255,,,,
50:51,135.00,218,,51.842,44.494,446.8282,,,,
50:52,136.00,202.4,,51.908,44.56,450.0603,,,,
50:52,136.00,183.4,,51.91,44.562,450.1486,,,,
50:53,137.00,167.9,,51.988,44.64,452.2092,,,,
50:53,137.00,149.4,,52.232,44.884,447.0563,,,,
50:54,138.00,134.2,,52.348,45,442.0342,,,,
50:54,138.00,116.3,,52.496,45.148,436.9536,,,,
50:55,139.00,101.3,,52.626,45.278,431.9178,,,,
50:55,139.00,84.3,,52.748,45.4,426.8497,,,,
50:56,140.00,70.8,,52.898,45.55,421.7414,,,,
50:56,140.00,55.2,,53.066,45.718,416.7044,,,,
50:57,141.00,42.7,,53.186,45.838,411.6688,,,,
50:57,141.00,27.4,,53.336,45.988,406.6515,,,,
50:58,142.00,14.7,,53.454,46.106,401.6065,,,,
50:58,142.00,2.8,,53.602,46.254,396.5146,,,,
50:59,143.00,3.2,,53.772,46.424,391.4394,,,,
50:59,143.00,3.4,,53.88,46.532,386.4219,,,,
51:00,144.00,3.6,,54.04,46.692,381.3651,,,,
51:00,144.00,3.6,,54.166,46.818,376.2522,,,,
51:01,145.00,3.7,,54.324,46.976,371.156,,,,
51:01,145.00,3.8,,54.486,47.138,366.0891,,,,
51:02,146.00,3.8,,54.6,47.252,361.0753,,,,
51:02,146.00,3.8,,54.742,47.394,356.0699,,,,
51:03,147.00,3.9,,54.874,47.526,351.0162,,,,
51:03,147.00,3.9,,55.03,47.682,346.0118,,,,
51:04,148.00,3.9,,55.192,47.844,340.9403,,,,
51:04,148.00,4,,55.304,47.956,335.892,,,,
51:05,149.00,4,,55.44,48.092,330.8913,,,,
,,,,55.598,48.25,325.8759,,,,
,,,,55.746,48.398,320.7915,,,,
,,,,55.91,48.562,315.6763,,,,
,,,,56.008,48.66,310.6575,,,,
,,,,56.156,48.808,305.6404,,,,
,,,,56.308,48.96,300.6236,,,,
,,,,56.456,49.108,295.5811,,,,
,,,,56.618,49.27,290.5318,,,,
,,,,56.716,49.368,285.4937,,,,
,,,,56.894,49.546,280.492,,,,
,,,,57.026,49.678,275.4848,,,,
,,,,57.178,49.83,270.398,,,,
,,,,57.332,49.984,265.3664,,,,
,,,,57.45,50.102,260.3514,,,,
,,,,57.614,50.266,255.3251,,,,
,,,,57.742,50.394,250.2681,,,,
,,,,57.896,50.548,245.1295,,,,
,,,,58.048,50.7,240.1283,,,,
,,,,58.206,50.858,235.1076,,,,
,,,,58.332,50.984,230.0721,,,,
,,,,58.472,51.124,225.0562,,,,
,,,,58.612,51.264,220.0212,,,,
,,,,58.776,51.428,214.9468,,,,
,,,,58.936,51.588,209.923,,,,
,,,,59.056,51.708,204.8877,,,,
,,,,59.192,51.844,199.8465,,,,
,,,,59.334,51.986,194.8107,,,,
,,,,59.504,52.156,189.7314,,,,
,,,,59.658,52.31,184.722,,,,
,,,,59.806,52.458,179.6815,,,,
,,,,59.932,52.584,174.6522,,,,
,,,,60.07,52.722,169.6222,,,,
,,,,60.232,52.884,164.5302,,,,
,,,,60.396,53.048,159.5154,,,,
,,,,60.54,53.192,154.5027,,,,
,,,,60.682,53.334,149.4989,,,,
,,,,60.816,53.468,144.4961,,,,
,,,,60.962,53.614,139.4875,,,,
,,,,61.132,53.784,134.4738,,,,
,,,,61.282,53.934,129.4246,,,,
,,,,61.45,54.102,124.396,,,,
,,,,61.608,54.26,119.3618,,,,
,,,,61.746,54.398,114.3579,,,,
,,,,61.908,54.56,109.3229,,,,
,,,,62.026,54.678,104.275,,,,
,,,,62.2,54.852,99.2234,,,,
,,,,62.366,55.018,94.1942,,,,
,,,,62.534,55.186,89.1648,,,,
,,,,62.706,55.358,84.126,,,,
,,,,62.868,55.52,79.1254,,,,
,,,,63.044,55.696,74.1217,,,,
,,,,63.22,55.872,69.1117,,,,
,,,,63.384,56.036,64.0874,,,,
,,,,63.552,56.204,59.0555,,,,
,,,,63.728,56.38,54.0335,,,,
,,,,63.918,56.57,49.0209,,,,
,,,,64.114,56.766,44.0092,,,,
,,,,64.276,56.928,38.9811,,,,
,,,,64.47,57.122,33.925,,,,
,,,,64.646,57.298,28.9225,,,,
,,,,64.832,57.484,23.8919,,,,
,,,,65.008,57.66,18.8818,,,,
,,,,65.168,57.82,13.8807,,,,
,,,,65.36,58.012,8.8169,,,,
,,,,65.492,58.144,4.9737,,,,
,,,,65.494,58.146,4.9242,,,,
,,,,65.538,58.19,4.0271,,,,
,,,,65.798,58.45,9.0616,,,,
,,,,65.942,58.594,14.0977,,,,
,,,,66.086,58.738,19.1277,,,,
,,,,66.236,58.888,24.1454,,,,
,,,,66.404,59.056,29.1587,,,,
,,,,66.542,59.194,34.1718,,,,
,,,,66.704,59.356,39.2541,,,,
,,,,66.87,59.522,44.3154,,,,
,,,,67.04,59.692,49.3736,,,,
,,,,67.22,59.872,54.4381,,,,
,,,,67.378,60.03,59.5076,,,,
,,,,67.548,60.2,64.5271,,,,
,,,,67.704,60.356,69.5533,,,,
,,,,67.874,60.526,74.5966,,,,
,,,,68.034,60.686,79.6188,,,,
,,,,68.158,60.81,84.6682,,,,
,,,,68.318,60.97,89.7241,,,,
,,,,68.486,61.138,94.7703,,,,
,,,,68.654,61.306,99.8592,,,,
,,,,68.824,61.476,104.9351,,,,
,,,,68.98,61.632,109.9575,,,,
,,,,69.144,61.796,115.0054,,,,
,,,,69.32,61.972,120.0363,,,,
,,,,69.432,62.084,125.0643,,,,
,,,,69.614,62.266,130.1249,,,,
,,,,69.738,62.39,135.1881,,,,
,,,,69.908,62.56,140.1918,,,,
,,,,70.08,62.732,145.198,,,,
,,,,70.236,62.888,150.3136,,,,
,,,,70.406,63.058,155.3242,,,,
,,,,70.55,63.202,160.3436,,,,
,,,,70.718,63.37,165.347,,,,
,,,,70.846,63.498,170.3577,,,,
,,,,70.98,63.632,175.4524,,,,
,,,,71.154,63.806,180.4714,,,,
,,,,71.308,63.96,185.5181,,,,
,,,,71.48,64.132,190.5802,,,,
,,,,71.64,64.292,195.6357,,,,
,,,,71.766,64.418,200.6722,,,,
,,,,71.916,64.568,205.7099,,,,
,,,,72.054,64.706,210.7383,,,,
,,,,72.226,64.878,215.8468,,,,
,,,,72.38,65.032,220.9598,,,,
,,,,72.53,65.182,225.9801,,,,
,,,,72.676,65.328,231.0059,,,,
,,,,72.83,65.482,236.028,,,,
,,,,72.964,65.616,241.0813,,,,
,,,,73.11,65.762,246.1106,,,,
,,,,73.282,65.934,251.1469,,,,
,,,,73.428,66.08,256.1812,,,,
,,,,73.596,66.248,261.1916,,,,
,,,,73.7,66.352,266.1942,,,,
,,,,73.84,66.492,271.2069,,,,
,,,,74.008,66.66,276.2156,,,,
,,,,74.154,66.806,281.2348,,,,
,,,,74.33,66.982,286.2618,,,,
,,,,74.446,67.098,291.3352,,,,
,,,,74.586,67.238,296.3447,,,,
,,,,74.74,67.392,301.3776,,,,
,,,,74.886,67.538,306.4423,,,,
,,,,75.06,67.712,311.5533,,,,
,,,,75.178,67.83,316.5914,,,,
,,,,75.328,67.98,321.6153,,,,
,,,,75.47,68.122,326.6205,,,,
,,,,75.614,68.266,331.7199,,,,
,,,,75.784,68.436,336.8495,,,,
,,,,75.93,68.582,341.8885,,,,
,,,,76.086,68.738,346.9318,,,,
,,,,76.224,68.876,351.9437,,,,
,,,,76.338,68.99,356.9594,,,,
,,,,76.512,69.164,361.9879,,,,
,,,,76.65,69.302,366.9962,,,,
,,,,76.81,69.462,372.012,,,,
,,,,76.95,69.602,377.0513,,,,
,,,,77.058,69.71,382.1269,,,,
,,,,77.232,69.884,387.1721,,,,
,,,,77.374,70.026,392.1938,,,,
,,,,77.548,70.2,397.2421,,,,
,,,,77.688,70.34,402.3037,,,,
,,,,77.792,70.444,407.317,,,,
,,,,77.952,70.604,412.3396,,,,
,,,,78.1,70.752,417.3902,,,,
,,,,78.266,70.918,422.4211,,,,
,,,,78.412,71.064,427.435,,,,
,,,,78.534,71.186,432.4551,,,,
,,,,78.672,71.324,437.5184,,,,
,,,,78.83,71.482,442.5387,,,,
,,,,78.99,71.642,447.5641,,,,
,,,,79.03,71.682,450.054,,,,
,,,,79.032,71.684,450.1291,,,,
,,,,79.118,71.77,451.6534,,,,
,,,,79.37,72.022,446.5548,,,,
,,,,79.494,72.146,441.5337,,,,
,,,,79.622,72.274,436.4967,,,,
,,,,79.75,72.402,431.4652,,,,
,,,,79.896,72.548,426.3744,,,,
,,,,80.046,72.698,421.2669,,,,
,,,,80.214,72.866,416.2658,,,,
,,,,80.31,72.962,411.2163,,,,
,,,,80.46,73.112,406.204,,,,
,,,,80.604,73.256,401.1085,,,,
,,,,80.75,73.402,396.0777,,,,
,,,,80.916,73.568,391.0423,,,,
,,,,81.008,73.66,385.9704,,,,
,,,,81.164,73.816,380.9519,,,,
,,,,81.312,73.964,375.9188,,,,
,,,,81.47,74.122,370.8125,,,,
,,,,81.626,74.278,365.7773,,,,
,,,,81.72,74.372,360.7731,,,,
,,,,81.872,74.524,355.75,,,,
,,,,82.022,74.674,350.7246,,,,
,,,,82.176,74.828,345.658,,,,
,,,,82.33,74.982,340.6467,,,,
,,,,82.424,75.076,335.6438,,,,
,,,,82.58,75.232,330.5654,,,,
,,,,82.744,75.396,325.5577,,,,
,,,,82.89,75.542,320.4723,,,,
,,,,83.046,75.698,315.3963,,,,
,,,,83.138,75.79,310.387,,,,
,,,,83.298,75.95,305.3684,,,,
,,,,83.456,76.108,300.3365,,,,
,,,,83.6,76.252,295.2578,,,,
,,,,83.752,76.404,290.217,,,,
,,,,83.85,76.502,285.2106,,,,
,,,,84.018,76.67,280.1923,,,,
,,,,84.172,76.824,275.1201,,,,
,,,,84.322,76.974,270.1121,,,,
,,,,84.466,77.118,265.1023,,,,
,,,,84.582,77.234,260.0925,,,,
,,,,84.734,77.386,255.0695,,,,
,,,,84.886,77.538,250.045,,,,
,,,,85.036,77.688,244.9901,,,,
,,,,85.178,77.83,239.9901,,,,
,,,,85.324,77.976,234.9846,,,,
,,,,85.444,78.096,229.8862,,,,
,,,,85.612,78.264,224.8088,,,,
,,,,85.754,78.406,219.7984,,,,
,,,,85.912,78.564,214.7631,,,,
,,,,86.068,78.72,209.7314,,,,
,,,,86.168,78.82,204.7055,,,,
,,,,86.33,78.982,199.6435,,,,
,,,,86.476,79.128,194.598,,,,
,,,,86.64,79.292,189.5931,,,,
,,,,86.79,79.442,184.5363,,,,
,,,,86.928,79.58,179.5122,,,,
,,,,87.058,79.71,174.4264,,,,
,,,,87.212,79.864,169.3618,,,,
,,,,87.374,80.026,164.3473,,,,
,,,,87.536,80.188,159.3423,,,,
,,,,87.664,80.316,154.3026,,,,
,,,,87.794,80.446,149.2572,,,,
,,,,87.946,80.598,144.235,,,,
,,,,88.104,80.756,139.1752,,,,
,,,,88.272,80.924,134.0498,,,,
,,,,88.418,81.07,129.0436,,,,
,,,,88.59,81.242,123.9801,,,,
,,,,88.746,81.398,118.9459,,,,
,,,,88.86,81.512,113.9082,,,,
,,,,89.02,81.672,108.8911,,,,
,,,,89.17,81.822,103.8798,,,,
,,,,89.342,81.994,98.8182,,,,
,,,,89.512,82.164,93.7297,,,,
,,,,89.676,82.328,88.6818,,,,
,,,,89.842,82.494,83.5898,,,,
,,,,90.018,82.67,78.576,,,,
,,,,90.186,82.838,73.5626,,,,
,,,,90.364,83.016,68.5325,,,,
,,,,90.524,83.176,63.4872,,,,
,,,,90.68,83.332,58.4779,,,,
,,,,90.886,83.538,53.4656,,,,
,,,,91.054,83.706,48.4533,,,,
,,,,91.254,83.906,43.4177,,,,
,,,,91.394,84.046,38.4101,,,,
,,,,91.606,84.258,33.4084,,,,
,,,,91.798,84.45,28.369,,,,
,,,,91.97,84.622,23.3348,,,,
,,,,92.148,84.8,18.288,,,,
,,,,92.306,84.958,13.2645,,,,
,,,,92.49,85.142,8.2394,,,,
,,,,92.584,85.236,4.9982,,,,
,,,,92.586,85.238,4.9243,,,,
,,,,92.636,85.288,4.1377,,,,
,,,,92.878,85.53,9.1386,,,,
,,,,93.014,85.666,14.2607,,,,
,,,,93.172,85.824,19.2858,,,,
,,,,93.332,85.984,24.3024,,,,
,,,,93.512,86.164,29.3427,,,,
,,,,93.658,86.31,34.3755,,,,
,,,,93.824,86.476,39.422,,,,
,,,,93.952,86.604,44.4614,,,,
,,,,94.142,86.794,49.4715,,,,
,,,,94.296,86.948,54.4923,,,,
,,,,94.446,87.098,59.4968,,,,
,,,,94.62,87.272,64.5498,,,,
,,,,94.778,87.43,69.5557,,,,
,,,,94.956,87.608,74.5843,,,,
,,,,95.122,87.774,79.647,,,,
,,,,95.278,87.93,84.6507,,,,
,,,,95.432,88.084,89.6903,,,,
,,,,95.604,88.256,94.706,,,,
,,,,95.732,88.384,99.7567,,,,
,,,,95.912,88.564,104.779,,,,
,,,,96.052,88.704,109.885,,,,
,,,,96.214,88.866,114.9317,,,,
,,,,96.392,89.044,119.9948,,,,
,,,,96.536,89.188,125.0563,,,,
,,,,96.714,89.366,130.091,,,,
,,,,96.826,89.478,135.1266,,,,
,,,,97.012,89.664,140.1386,,,,
,,,,97.15,89.802,145.2005,,,,
,,,,97.3,89.952,150.2603,,,,
,,,,97.474,90.126,155.3436,,,,
,,,,97.624,90.276,160.4166,,,,
,,,,97.802,90.454,165.4868,,,,
,,,,97.958,90.61,170.5357,,,,
,,,,98.08,90.732,175.5671,,,,
,,,,98.224,90.876,180.5982,,,,
,,,,98.374,91.026,185.6271,,,,
,,,,98.546,91.198,190.6547,,,,
,,,,98.704,91.356,195.6716,,,,
,,,,98.856,91.508,200.6773,,,,
,,,,99.016,91.668,205.7167,,,,
,,,,99.154,91.806,210.7177,,,,
,,,,99.288,91.94,215.7375,,,,
,,,,99.438,92.09,220.82,,,,
,,,,99.598,92.25,225.8368,,,,
,,,,99.754,92.406,230.8419,,,,
,,,,99.91,92.562,235.8431,,,,
,,,,100.048,92.7,240.8879,,,,
,,,,100.172,92.824,245.9667,,,,
,,,,100.338,92.99,251.0096,,,,
,,,,100.488,93.14,256.1161,,,,
,,,,100.664,93.316,261.1369,,,,
,,,,100.796,93.448,266.1654,,,,
,,,,100.916,93.568,271.2052,,,,
,,,,101.068,93.72,276.229,,,,
,,,,101.214,93.866,281.2705,,,,
,,,,101.394,94.046,286.399,,,,
,,,,101.526,94.178,291.4216,,,,
,,,,101.688,94.34,296.4402,,,,
,,,,101.818,94.47,301.4534,,,,
,,,,101.946,94.598,306.531,,,,
,,,,102.118,94.77,311.5832,,,,
,,,,102.252,94.904,316.5937,,,,
,,,,102.414,95.066,321.5954,,,,
,,,,102.562,95.214,326.6113,,,,
,,,,102.676,95.328,331.6728,,,,
,,,,102.838,95.49,336.6858,,,,
,,,,102.984,95.636,341.6954,,,,
,,,,103.148,95.8,346.7004,,,,
,,,,103.302,95.954,351.7571,,,,
,,,,103.402,96.054,356.7781,,,,
,,,,103.564,96.216,361.7925,,,,
,,,,103.702,96.354,366.8181,,,,
,,,,103.87,96.522,371.8488,,,,
,,,,104.02,96.672,376.8535,,,,
,,,,104.122,96.774,381.8608,,,,
,,,,104.284,96.936,386.8734,,,,
,,,,104.422,97.074,391.9201,,,,
,,,,104.6,97.252,396.9841,,,,
,,,,104.746,97.398,402.0584,,,,
,,,,104.866,97.518,407.0718,,,,
,,,,105.004,97.656,412.1489,,,,
,,,,105.146,97.798,417.1768,,,,
,,,,105.318,97.97,422.2372,,,,
,,,,105.466,98.118,427.2607,,,,
,,,,105.606,98.258,432.2978,,,,
,,,,105.724,98.376,437.3599,,,,
,,,,105.882,98.534,442.4058,,,,
,,,,106.04,98.692,447.5177,,,,
,,,,106.082,98.734,450.0422,,,,
,,,,106.084,98.736,450.0971,,,,
,,,,106.138,98.79,450.703,,,,
,,,,106.384,99.036,445.5935,,,,
,,,,106.522,99.174,440.5176,,,,
,,,,106.624,99.276,435.4959,,,,
,,,,106.756,99.408,430.4491,,,,
,,,,106.906,99.558,425.3661,,,,
,,,,107.054,99.706,420.2689,,,,
,,,,107.222,99.874,415.2015,,,,
,,,,107.32,99.972,410.198,,,,
,,,,107.474,100.126,405.1657,,,,
,,,,107.614,100.266,400.1391,,,,
,,,,107.764,100.416,395.0739,,,,
,,,,107.926,100.578,390.0337,,,,
,,,,108.016,100.668,384.9873,,,,
,,,,108.174,100.826,379.9644,,,,
,,,,108.322,100.974,374.9262,,,,
,,,,108.474,101.126,369.9156,,,,
,,,,108.628,101.28,364.8628,,,,
,,,,108.73,101.382,359.8438,,,,
,,,,108.882,101.534,354.8415,,,,
,,,,109.038,101.69,349.8396,,,,
,,,,109.18,101.832,344.8097,,,,
,,,,109.334,101.986,339.7303,,,,
,,,,109.432,102.084,334.7072,,,,
,,,,109.588,102.24,329.6613,,,,
,,,,109.752,102.404,324.5242,,,,
,,,,109.894,102.546,319.4784,,,,
,,,,110.048,102.7,314.4478,,,,
,,,,110.16,102.812,309.4252,,,,
,,,,110.312,102.964,304.4124,,,,
,,,,110.464,103.116,299.3482,,,,
,,,,110.608,103.26,294.3028,,,,
,,,,110.756,103.408,289.2693,,,,
,,,,110.876,103.528,284.2507,,,,
,,,,111.02,103.672,279.2129,,,,
,,,,111.178,103.83,274.1244,,,,
,,,,111.33,103.982,269.0698,,,,
,,,,111.478,104.13,264.0565,,,,
,,,,111.64,104.292,259.0114,,,,
,,,,111.736,104.388,253.9391,,,,
,,,,111.898,104.55,248.8764,,,,
,,,,112.048,104.7,243.8376,,,,
,,,,112.196,104.848,238.8062,,,,
,,,,112.35,105.002,233.7724,,,,
,,,,112.45,105.102,228.7299,,,,
,,,,112.618,105.27,223.6846,,,,
,,,,112.768,105.42,218.6104,,,,
,,,,112.93,105.582,213.5898,,,,
,,,,113.076,105.728,208.5695,,,,
,,,,113.188,105.84,203.543,,,,
,,,,113.34,105.992,198.5251,,,,
,,,,113.494,106.146,193.46,,,,
,,,,113.652,106.304,188.3955,,,,
,,,,113.802,106.454,183.3301,,,,
,,,,113.934,106.586,178.2946,,,,
,,,,114.068,106.72,173.2371,,,,
,,,,114.23,106.882,168.2237,,,,
,,,,114.382,107.034,163.1701,,,,
,,,,114.546,107.198,158.0605,,,,
,,,,114.68,107.332,153.0256,,,,
,,,,114.836,107.488,147.993,,,,
,,,,114.978,107.63,142.9736,,,,
,,,,115.114,107.766,137.9072,,,,
,,,,115.276,107.928,132.8152,,,,
,,,,115.432,108.084,127.7906,,,,
,,,,115.6,108.252,122.7501,,,,
,,,,115.752,108.404,117.6758,,,,
,,,,115.878,108.53,112.6717,,,,
,,,,116.026,108.678,107.6167,,,,
,,,,116.2,108.852,102.6048,,,,
,,,,116.352,109.004,97.5649,,,,
,,,,116.522,109.174,92.4633,,,,
,,,,116.684,109.336,87.3909,,,,
,,,,116.852,109.504,82.3505,,,,
,,,,117.04,109.692,77.3114,,,,
,,,,117.19,109.842,72.2873,,,,
,,,,117.376,110.028,67.2809,,,,
,,,,117.54,110.192,62.2465,,,,
,,,,117.73,110.382,57.2375,,,,
,,,,117.924,110.576,52.185,,,,
,,,,118.068,110.72,47.1409,,,,
,,,,118.268,110.92,42.1382,,,,
,,,,118.426,111.078,37.1331,,,,
,,,,118.628,111.28,32.1102,,,,
,,,,118.812,111.464,27.1031,,,,
,,,,118.982,111.634,22.0802,,,,
,,,,119.16,111.812,17.0686,,,,
,,,,119.358,112.01,12.0265,,,,
,,,,119.526,112.178,6.9997,,,,
,,,,119.568,112.22,4.9564,,,,
,,,,119.57,112.222,4.8633,,,,
,,,,119.638,112.29,3.7562,,,,
,,,,119.89,112.542,8.8222,,,,
,,,,120.028,112.68,13.8823,,,,
,,,,120.184,112.836,18.9145,,,,
,,,,120.344,112.996,23.9268,,,,
,,,,120.518,113.17,28.9522,,,,
,,,,120.676,113.328,33.9595,,,,
,,,,120.85,113.502,39.0252,,,,
,,,,120.988,113.64,44.0272,,,,
,,,,121.158,113.81,49.0397,,,,
,,,,121.326,113.978,54.046,,,,
,,,,121.466,114.118,59.0574,,,,
,,,,121.634,114.286,64.0987,,,,
,,,,121.788,114.44,69.1234,,,,
,,,,121.97,114.622,74.2101,,,,
,,,,122.132,114.784,79.2204,,,,
,,,,122.304,114.956,84.3163,,,,
,,,,122.46,115.112,89.34,,,,
,,,,122.628,115.28,94.3511,,,,
,,,,122.782,115.434,99.3662,,,,
,,,,122.956,115.608,104.3718,,,,
,,,,123.068,115.72,109.4684,,,,
,,,,123.226,115.878,114.54,,,,
,,,,123.402,116.054,119.5945,,,,
,,,,123.55,116.202,124.6284,,,,
,,,,123.736,116.388,129.7322,,,,
,,,,123.864,116.516,134.7818,,,,
,,,,124.044,116.696,139.7924,,,,
,,,,124.184,116.836,144.807,,,,
,,,,124.32,116.972,149.8685,,,,
,,,,124.488,117.14,154.9135,,,,
,,,,124.632,117.284,159.9661,,,,
,,,,124.81,117.462,164.9825,,,,
,,,,124.966,117.618,170.0104,,,,
,,,,125.11,117.762,175.0623,,,,
,,,,125.248,117.9,180.0664,,,,
,,,,125.382,118.034,185.0882,,,,
,,,,125.556,118.208,190.1381,,,,
,,,,125.714,118.366,195.1847,,,,
,,,,125.872,118.524,200.1878,,,,
,,,,126.032,118.684,205.2232,,,,
,,,,126.144,118.796,210.2366,,,,
,,,,126.302,118.954,215.2462,,,,
,,,,126.45,119.102,220.3273,,,,
,,,,126.608,119.26,225.3497,,,,
,,,,126.766,119.418,230.3878,,,,
,,,,126.918,119.57,235.4231,,,,
,,,,127.074,119.726,240.4234,,,,
,,,,127.198,119.85,245.4773,,,,
,,,,127.344,119.996,250.5155,,,,
,,,,127.494,120.146,255.5529,,,,
,,,,127.668,120.32,260.5895,,,,
,,,,127.81,120.462,265.6076,,,,
,,,,127.942,120.594,270.6334,,,,
,,,,128.074,120.726,275.7216,,,,
,,,,128.222,120.874,280.8094,,,,
,,,,128.402,121.054,285.9261,,,,
,,,,128.54,121.192,290.9789,,,,
,,,,128.706,121.358,296.0511,,,,
,,,,128.822,121.474,301.0683,,,,
,,,,128.958,121.61,306.0963,,,,
,,,,129.126,121.778,311.109,,,,
,,,,129.262,121.914,316.1213,,,,
,,,,129.428,122.08,321.1667,,,,
,,,,129.56,122.212,326.1812,,,,
,,,,129.696,122.348,331.203,,,,
,,,,129.848,122.5,336.3022,,,,
,,,,129.992,122.644,341.3662,,,,
,,,,130.16,122.812,346.3821,,,,
,,,,130.316,122.968,351.4214,,,,
,,,,130.434,123.086,356.4589,,,,
,,,,130.576,123.228,361.5323,,,,
,,,,130.712,123.364,366.6186,,,,
,,,,130.882,123.534,371.6834,,,,
,,,,131.038,123.69,376.776,,,,
,,,,131.162,123.814,381.8006,,,,
,,,,131.306,123.958,386.8454,,,,
,,,,131.434,124.086,391.8563,,,,
,,,,131.612,124.264,396.916,,,,
,,,,131.76,124.412,401.9996,,,,
,,,,131.896,124.548,407.0031,,,,
,,,,132.026,124.678,412.0185,,,,
,,,,132.156,124.808,417.0759,,,,
,,,,132.328,124.98,422.0802,,,,
,,,,132.478,125.13,427.117,,,,
,,,,132.624,125.276,432.1291,,,,
,,,,132.74,125.392,437.1585,,,,
,,,,132.898,125.55,442.1957,,,,
,,,,133.048,125.7,447.2684,,,,
,,,,133.102,125.754,450.0132,,,,
,,,,133.104,125.756,450.0494,,,,
,,,,133.192,125.844,451.854,,,,
,,,,133.426,126.078,446.8521,,,,
,,,,133.532,126.184,441.8274,,,,
,,,,133.672,126.324,436.752,,,,
,,,,133.82,126.472,431.6973,,,,
,,,,133.978,126.63,426.6239,,,,
,,,,134.116,126.768,421.5747,,,,
,,,,134.276,126.928,416.567,,,,
,,,,134.376,127.028,411.5115,,,,
,,,,134.532,127.184,406.4814,,,,
,,,,134.68,127.332,401.4641,,,,
,,,,134.804,127.456,396.4411,,,,
,,,,134.972,127.624,391.4086,,,,
,,,,135.08,127.732,386.4075,,,,
,,,,135.24,127.892,381.312,,,,
,,,,135.388,128.04,376.2274,,,,
,,,,135.538,128.19,371.2239,,,,
,,,,135.678,128.33,366.209,,,,
,,,,135.794,128.446,361.118,,,,
,,,,135.95,128.602,356.0043,,,,
,,,,136.092,128.744,350.9527,,,,
,,,,136.238,128.89,345.9388,,,,
,,,,136.376,129.028,340.9239,,,,
,,,,136.506,129.158,335.8774,,,,
,,,,136.662,129.314,330.7705,,,,
,,,,136.826,129.478,325.7319,,,,
,,,,136.954,129.606,320.727,,,,
,,,,137.098,129.75,315.6833,,,,
,,,,137.218,129.87,310.6042,,,,
,,,,137.376,130.028,305.6004,,,,
,,,,137.536,130.188,300.5466,,,,
,,,,137.652,130.304,295.5405,,,,
,,,,137.794,130.446,290.4887,,,,
,,,,137.93,130.582,285.4828,,,,
,,,,138.094,130.746,280.4787,,,,
,,,,138.25,130.902,275.416,,,,
,,,,138.382,131.034,270.399,,,,
,,,,138.506,131.158,265.3965,,,,
,,,,138.648,131.3,260.3794,,,,
,,,,138.808,131.46,255.3043,,,,
,,,,138.964,131.616,250.2773,,,,
,,,,139.092,131.744,245.2341,,,,
,,,,139.22,131.872,240.1767,,,,
,,,,139.376,132.028,235.1311,,,,
,,,,139.524,132.176,229.9976,,,,
,,,,139.694,132.346,224.9333,,,,
,,,,139.822,132.474,219.8824,,,,
,,,,139.966,132.618,214.8626,,,,
,,,,140.104,132.756,209.8143,,,,
,,,,140.244,132.896,204.7207,,,,
,,,,140.414,133.066,199.6787,,,,
,,,,140.546,133.198,194.6704,,,,
,,,,140.702,133.354,189.6651,,,,
,,,,140.826,133.478,184.6017,,,,
,,,,140.974,133.626,179.52,,,,
,,,,141.14,133.792,174.4406,,,,
,,,,141.292,133.944,169.428,,,,
,,,,141.45,134.102,164.375,,,,
,,,,141.6,134.252,159.3538,,,,
,,,,141.702,134.354,154.3444,,,,
,,,,141.868,134.52,149.3159,,,,
,,,,142.024,134.676,144.2537,,,,
,,,,142.184,134.836,139.1945,,,,
,,,,142.348,135,134.1744,,,,
,,,,142.47,135.122,129.1384,,,,
,,,,142.62,135.272,124.1361,,,,
,,,,142.77,135.422,119.109,,,,
,,,,142.932,135.584,114.0553,,,,
,,,,143.092,135.744,108.921,,,,
,,,,143.24,135.892,103.9069,,,,
,,,,143.414,136.066,98.8703,,,,
,,,,143.576,136.228,93.8617,,,,
,,,,143.716,136.368,88.8365,,,,
,,,,143.872,136.524,83.7991,,,,
,,,,144.032,136.684,78.7658,,,,
,,,,144.208,136.86,73.7518,,,,
,,,,144.384,137.036,68.743,,,,
,,,,144.548,137.2,63.7114,,,,
,,,,144.728,137.38,58.6215,,,,
,,,,144.906,137.558,53.5801,,,,
,,,,145.086,137.738,48.5542,,,,
,,,,145.28,137.932,43.5419,,,,
,,,,145.446,138.098,38.4813,,,,
,,,,145.636,138.288,33.4254,,,,
,,,,145.822,138.474,28.4235,,,,
,,,,145.996,138.648,23.4173,,,,
,,,,146.174,138.826,18.372,,,,
,,,,146.336,138.988,13.3628,,,,
,,,,146.52,139.172,8.3574,,,,
,,,,146.66,139.312,4.9768,,,,
